年月,地區,產業別,年收入,信用卡交易筆數,信用卡交易金額[新台幣]
201401,63000000,百貨,未達50萬,1433915,3615327931
201401,63000000,百貨,50(含)-75萬,765996,2059013950
201401,63000000,百貨,75(含)-100萬,272178,833137365
201401,63000000,百貨,100(含)-125萬,178095,617377993
201401,63000000,百貨,125(含)-150萬,63372,229519505
201401,63000000,百貨,150(含)-175萬,54367,207559759
201401,63000000,百貨,175(含)-200萬,29875,116411466
201401,63000000,百貨,200(含)萬以上,119258,636870820
201402,63000000,百貨,未達50萬,1218013,2917765738
201402,63000000,百貨,50(含)-75萬,643802,1621433394
201402,63000000,百貨,75(含)-100萬,223962,640577984
201402,63000000,百貨,100(含)-125萬,146782,474795739
201402,63000000,百貨,125(含)-150萬,51827,171701435
201402,63000000,百貨,150(含)-175萬,45365,167604072
201402,63000000,百貨,175(含)-200萬,24345,93781381
201402,63000000,百貨,200(含)萬以上,97309,527399866
201403,63000000,百貨,未達50萬,1274580,2790938270
201403,63000000,百貨,50(含)-75萬,651294,1486609645
201403,63000000,百貨,75(含)-100萬,228998,597284854
201403,63000000,百貨,100(含)-125萬,147065,439602649
201403,63000000,百貨,125(含)-150萬,53297,168441999
201403,63000000,百貨,150(含)-175萬,46445,152196792
201403,63000000,百貨,175(含)-200萬,24618,81544549
201403,63000000,百貨,200(含)萬以上,101099,482831673
201404,63000000,百貨,未達50萬,1307155,3596294341
201404,63000000,百貨,50(含)-75萬,681977,1968363026
201404,63000000,百貨,75(含)-100萬,235988,782539129
201404,63000000,百貨,100(含)-125萬,149111,558456797
201404,63000000,百貨,125(含)-150萬,55492,234508675
201404,63000000,百貨,150(含)-175萬,48021,213323722
201404,63000000,百貨,175(含)-200萬,25670,131258653
201404,63000000,百貨,200(含)萬以上,102895,672919824
201405,63000000,百貨,未達50萬,1379491,3403369182
201405,63000000,百貨,50(含)-75萬,723558,1859992825
201405,63000000,百貨,75(含)-100萬,253901,749079365
201405,63000000,百貨,100(含)-125萬,164085,544896573
201405,63000000,百貨,125(含)-150萬,59889,240502669
201405,63000000,百貨,150(含)-175萬,51787,186763358
201405,63000000,百貨,175(含)-200萬,28129,106394830
201405,63000000,百貨,200(含)萬以上,114213,667278777
201406,63000000,百貨,未達50萬,1333180,3043843372
201406,63000000,百貨,50(含)-75萬,703668,1648816799
201406,63000000,百貨,75(含)-100萬,249652,658643945
201406,63000000,百貨,100(含)-125萬,161701,492835574
201406,63000000,百貨,125(含)-150萬,59219,187075421
201406,63000000,百貨,150(含)-175萬,50772,174200329
201406,63000000,百貨,175(含)-200萬,28223,103252573
201406,63000000,百貨,200(含)萬以上,112402,554244222
201407,63000000,百貨,未達50萬,1386371,3066244894
201407,63000000,百貨,50(含)-75萬,718918,1672438473
201407,63000000,百貨,75(含)-100萬,253154,662719682
201407,63000000,百貨,100(含)-125萬,161798,482184747
201407,63000000,百貨,125(含)-150萬,59618,183027393
201407,63000000,百貨,150(含)-175萬,51431,167885583
201407,63000000,百貨,175(含)-200萬,27545,92215621
201407,63000000,百貨,200(含)萬以上,112339,532200502
201408,63000000,百貨,未達50萬,1372676,3140764557
201408,63000000,百貨,50(含)-75萬,716612,1721619843
201408,63000000,百貨,75(含)-100萬,250186,676270346
201408,63000000,百貨,100(含)-125萬,160364,497129832
201408,63000000,百貨,125(含)-150萬,58589,192437985
201408,63000000,百貨,150(含)-175萬,51602,173613576
201408,63000000,百貨,175(含)-200萬,26677,97090121
201408,63000000,百貨,200(含)萬以上,113893,561080133
201409,63000000,百貨,未達50萬,1266397,3472499199
201409,63000000,百貨,50(含)-75萬,655121,1947490464
201409,63000000,百貨,75(含)-100萬,225223,784539473
201409,63000000,百貨,100(含)-125萬,145297,550387283
201409,63000000,百貨,125(含)-150萬,53887,264498797
201409,63000000,百貨,150(含)-175萬,47109,212445495
201409,63000000,百貨,175(含)-200萬,25191,135258136
201409,63000000,百貨,200(含)萬以上,103940,683145139
201410,63000000,百貨,未達50萬,1658963,4911960599
201410,63000000,百貨,50(含)-75萬,899162,2948847528
201410,63000000,百貨,75(含)-100萬,314738,1123552093
201410,63000000,百貨,100(含)-125萬,196250,806506202
201410,63000000,百貨,125(含)-150萬,72563,302216101
201410,63000000,百貨,150(含)-175萬,62538,275674535
201410,63000000,百貨,175(含)-200萬,34350,158972649
201410,63000000,百貨,200(含)萬以上,135236,884612699
201411,63000000,百貨,未達50萬,1628930,4796033352
201411,63000000,百貨,50(含)-75萬,804115,2409618487
201411,63000000,百貨,75(含)-100萬,285208,973456575
201411,63000000,百貨,100(含)-125萬,179018,684378327
201411,63000000,百貨,125(含)-150萬,69370,284688660
201411,63000000,百貨,150(含)-175萬,61940,272247828
201411,63000000,百貨,175(含)-200萬,32776,147377111
201411,63000000,百貨,200(含)萬以上,129901,784645215
201412,63000000,百貨,未達50萬,1661272,4092571538
201412,63000000,百貨,50(含)-75萬,882405,2344143432
201412,63000000,百貨,75(含)-100萬,303912,900686780
201412,63000000,百貨,100(含)-125萬,192048,639262635
201412,63000000,百貨,125(含)-150萬,70828,267924557
201412,63000000,百貨,150(含)-175萬,61075,221866902
201412,63000000,百貨,175(含)-200萬,33115,132139354
201412,63000000,百貨,200(含)萬以上,133947,726144308
201501,63000000,百貨,未達50萬,1375181,3286776979
201501,63000000,百貨,50(含)-75萬,708854,1797733685
201501,63000000,百貨,75(含)-100萬,255711,739892992
201501,63000000,百貨,100(含)-125萬,163544,525766149
201501,63000000,百貨,125(含)-150萬,60714,217867599
201501,63000000,百貨,150(含)-175萬,52648,199562712
201501,63000000,百貨,175(含)-200萬,28387,105326474
201501,63000000,百貨,200(含)萬以上,117085,631210105
201502,63000000,百貨,未達50萬,1364953,3592433300
201502,63000000,百貨,50(含)-75萬,713583,1981828028
201502,63000000,百貨,75(含)-100萬,257295,777420090
201502,63000000,百貨,100(含)-125萬,163594,564627802
201502,63000000,百貨,125(含)-150萬,61530,225482582
201502,63000000,百貨,150(含)-175萬,52590,201795110
201502,63000000,百貨,175(含)-200萬,28434,111419926
201502,63000000,百貨,200(含)萬以上,113292,675041221
201503,63000000,百貨,未達50萬,1334397,3115318783
201503,63000000,百貨,50(含)-75萬,663603,1608184134
201503,63000000,百貨,75(含)-100萬,235418,635324195
201503,63000000,百貨,100(含)-125萬,148800,450984600
201503,63000000,百貨,125(含)-150萬,55864,190218969
201503,63000000,百貨,150(含)-175萬,48813,175172335
201503,63000000,百貨,175(含)-200萬,26197,94017361
201503,63000000,百貨,200(含)萬以上,105202,552601878
201504,63000000,百貨,未達50萬,1356440,3576624582
201504,63000000,百貨,50(含)-75萬,684504,1919207963
201504,63000000,百貨,75(含)-100萬,245784,790073669
201504,63000000,百貨,100(含)-125萬,154292,551406526
201504,63000000,百貨,125(含)-150萬,59387,253679885
201504,63000000,百貨,150(含)-175萬,50284,196226860
201504,63000000,百貨,175(含)-200萬,27908,134690170
201504,63000000,百貨,200(含)萬以上,109331,653481927
201505,63000000,百貨,未達50萬,1424603,3472656697
201505,63000000,百貨,50(含)-75萬,722973,1834271674
201505,63000000,百貨,75(含)-100萬,260827,739571425
201505,63000000,百貨,100(含)-125萬,166108,537462555
201505,63000000,百貨,125(含)-150萬,63677,242574129
201505,63000000,百貨,150(含)-175萬,54174,196550453
201505,63000000,百貨,175(含)-200萬,30409,116317388
201505,63000000,百貨,200(含)萬以上,119049,718799685
201506,63000000,百貨,未達50萬,1384206,3133366306
201506,63000000,百貨,50(含)-75萬,702861,1691036716
201506,63000000,百貨,75(含)-100萬,254729,682302910
201506,63000000,百貨,100(含)-125萬,161364,487561049
201506,63000000,百貨,125(含)-150萬,61090,202746592
201506,63000000,百貨,150(含)-175萬,52420,179245874
201506,63000000,百貨,175(含)-200萬,29324,104431034
201506,63000000,百貨,200(含)萬以上,112677,606314551
201507,63000000,百貨,未達50萬,1423083,3089488619
201507,63000000,百貨,50(含)-75萬,727565,1657108880
201507,63000000,百貨,75(含)-100萬,261051,665884809
201507,63000000,百貨,100(含)-125萬,164314,479303857
201507,63000000,百貨,125(含)-150萬,62389,190959816
201507,63000000,百貨,150(含)-175萬,53574,172309822
201507,63000000,百貨,175(含)-200萬,28982,100091631
201507,63000000,百貨,200(含)萬以上,114065,524914269
201508,63000000,百貨,未達50萬,1445072,3157375253
201508,63000000,百貨,50(含)-75萬,737802,1687348314
201508,63000000,百貨,75(含)-100萬,264394,663831506
201508,63000000,百貨,100(含)-125萬,166855,480468143
201508,63000000,百貨,125(含)-150萬,63170,196154188
201508,63000000,百貨,150(含)-175萬,54917,177269581
201508,63000000,百貨,175(含)-200萬,29351,92076131
201508,63000000,百貨,200(含)萬以上,118794,566899114
201509,63000000,百貨,未達50萬,1334853,3364900558
201509,63000000,百貨,50(含)-75萬,671720,1845458294
201509,63000000,百貨,75(含)-100萬,245122,789388548
201509,63000000,百貨,100(含)-125萬,153637,578420257
201509,63000000,百貨,125(含)-150萬,59618,274008990
201509,63000000,百貨,150(含)-175萬,51367,204517453
201509,63000000,百貨,175(含)-200萬,28490,146797011
201509,63000000,百貨,200(含)萬以上,110709,705358673
201510,63000000,百貨,未達50萬,1766074,5089253579
201510,63000000,百貨,50(含)-75萬,919578,2902506001
201510,63000000,百貨,75(含)-100萬,320568,1100450265
201510,63000000,百貨,100(含)-125萬,196846,794235023
201510,63000000,百貨,125(含)-150萬,77435,313805498
201510,63000000,百貨,150(含)-175萬,66415,272621198
201510,63000000,百貨,175(含)-200萬,35716,160669359
201510,63000000,百貨,200(含)萬以上,139139,889586185
201511,63000000,百貨,未達50萬,1788518,5474609622
201511,63000000,百貨,50(含)-75萬,846786,2653534897
201511,63000000,百貨,75(含)-100萬,299832,1067622467
201511,63000000,百貨,100(含)-125萬,185846,730405898
201511,63000000,百貨,125(含)-150萬,75095,319708585
201511,63000000,百貨,150(含)-175萬,67948,324852307
201511,63000000,百貨,175(含)-200萬,35401,167653764
201511,63000000,百貨,200(含)萬以上,140014,981037073
201512,63000000,百貨,未達50萬,1717915,4114521608
201512,63000000,百貨,50(含)-75萬,863055,2206749439
201512,63000000,百貨,75(含)-100萬,301779,844258246
201512,63000000,百貨,100(含)-125萬,188821,617996482
201512,63000000,百貨,125(含)-150萬,74220,254564850
201512,63000000,百貨,150(含)-175萬,63110,216118773
201512,63000000,百貨,175(含)-200萬,34610,129144257
201512,63000000,百貨,200(含)萬以上,136705,736876900
201601,63000000,百貨,未達50萬,1539069,3816801568
201601,63000000,百貨,50(含)-75萬,763243,2010195785
201601,63000000,百貨,75(含)-100萬,278646,804779026
201601,63000000,百貨,100(含)-125萬,174426,566201798
201601,63000000,百貨,125(含)-150萬,70158,250016638
201601,63000000,百貨,150(含)-175萬,60479,211331166
201601,63000000,百貨,175(含)-200萬,32806,122196013
201601,63000000,百貨,200(含)萬以上,130681,699097935
201602,63000000,百貨,未達50萬,1315927,3381993826
201602,63000000,百貨,50(含)-75萬,669175,1797138237
201602,63000000,百貨,75(含)-100萬,245824,713993841
201602,63000000,百貨,100(含)-125萬,153638,503436217
201602,63000000,百貨,125(含)-150萬,61999,214903639
201602,63000000,百貨,150(含)-175萬,52778,184149378
201602,63000000,百貨,175(含)-200萬,28312,105879195
201602,63000000,百貨,200(含)萬以上,112589,608369622
201603,63000000,百貨,未達50萬,1265143,3001791912
201603,63000000,百貨,50(含)-75萬,589758,1464498013
201603,63000000,百貨,75(含)-100萬,221697,601655104
201603,63000000,百貨,100(含)-125萬,136310,409800573
201603,63000000,百貨,125(含)-150萬,55272,199501068
201603,63000000,百貨,150(含)-175萬,49207,170425346
201603,63000000,百貨,175(含)-200萬,26431,93976022
201603,63000000,百貨,200(含)萬以上,98299,491679057
201604,63000000,百貨,未達50萬,1291505,3427671448
201604,63000000,百貨,50(含)-75萬,615005,1785485579
201604,63000000,百貨,75(含)-100萬,233233,743910412
201604,63000000,百貨,100(含)-125萬,141710,498843976
201604,63000000,百貨,125(含)-150萬,58781,245300232
201604,63000000,百貨,150(含)-175萬,52008,205545838
201604,63000000,百貨,175(含)-200萬,28204,128884115
201604,63000000,百貨,200(含)萬以上,104413,633097105
201605,63000000,百貨,未達50萬,1288056,3082849001
201605,63000000,百貨,50(含)-75萬,618274,1622317445
201605,63000000,百貨,75(含)-100萬,236101,660029923
201605,63000000,百貨,100(含)-125萬,145164,463016886
201605,63000000,百貨,125(含)-150萬,59469,211196000
201605,63000000,百貨,150(含)-175萬,52965,181468648
201605,63000000,百貨,175(含)-200萬,28320,111393437
201605,63000000,百貨,200(含)萬以上,107131,533237162
201606,63000000,百貨,未達50萬,1349811,3170421305
201606,63000000,百貨,50(含)-75萬,670193,1701059514
201606,63000000,百貨,75(含)-100萬,244137,692520172
201606,63000000,百貨,100(含)-125萬,154072,476633945
201606,63000000,百貨,125(含)-150萬,61254,208672126
201606,63000000,百貨,150(含)-175萬,54396,179055567
201606,63000000,百貨,175(含)-200萬,29512,102879258
201606,63000000,百貨,200(含)萬以上,118715,599849550
201607,63000000,百貨,未達50萬,1329966,3083231800
201607,63000000,百貨,50(含)-75萬,652871,1655336822
201607,63000000,百貨,75(含)-100萬,243549,668387119
201607,63000000,百貨,100(含)-125萬,151227,465260332
201607,63000000,百貨,125(含)-150萬,61179,206717865
201607,63000000,百貨,150(含)-175萬,54330,185740254
201607,63000000,百貨,175(含)-200萬,29073,107955522
201607,63000000,百貨,200(含)萬以上,111291,576786729
201608,63000000,百貨,未達50萬,1233164,2851559746
201608,63000000,百貨,50(含)-75萬,548091,1376388200
201608,63000000,百貨,75(含)-100萬,215519,576764661
201608,63000000,百貨,100(含)-125萬,130849,398579568
201608,63000000,百貨,125(含)-150萬,56860,188003717
201608,63000000,百貨,150(含)-175萬,50188,163183370
201608,63000000,百貨,175(含)-200萬,26418,87440569
201608,63000000,百貨,200(含)萬以上,100539,452053635
201609,63000000,百貨,未達50萬,1132017,2989666018
201609,63000000,百貨,50(含)-75萬,546238,1581530323
201609,63000000,百貨,75(含)-100萬,203736,690714558
201609,63000000,百貨,100(含)-125萬,126769,455733276
201609,63000000,百貨,125(含)-150萬,53589,215702951
201609,63000000,百貨,150(含)-175萬,46442,175143789
201609,63000000,百貨,175(含)-200萬,24748,106418856
201609,63000000,百貨,200(含)萬以上,95633,526658585
201610,63000000,百貨,未達50萬,1435803,4329908153
201610,63000000,百貨,50(含)-75萬,724159,2397652075
201610,63000000,百貨,75(含)-100萬,259675,929444595
201610,63000000,百貨,100(含)-125萬,161607,649102070
201610,63000000,百貨,125(含)-150萬,67046,280503289
201610,63000000,百貨,150(含)-175萬,57115,240479625
201610,63000000,百貨,175(含)-200萬,30256,149331895
201610,63000000,百貨,200(含)萬以上,119284,743043037
201611,63000000,百貨,未達50萬,1490466,5054295865
201611,63000000,百貨,50(含)-75萬,707748,2322837266
201611,63000000,百貨,75(含)-100萬,250365,931831982
201611,63000000,百貨,100(含)-125萬,158011,645781198
201611,63000000,百貨,125(含)-150萬,66275,303211141
201611,63000000,百貨,150(含)-175萬,58184,285654352
201611,63000000,百貨,175(含)-200萬,30648,151816937
201611,63000000,百貨,200(含)萬以上,124755,914894414
201612,63000000,百貨,未達50萬,1415494,3885269533
201612,63000000,百貨,50(含)-75萬,730224,2055779112
201612,63000000,百貨,75(含)-100萬,255913,783565644
201612,63000000,百貨,100(含)-125萬,161872,565214107
201612,63000000,百貨,125(含)-150萬,66044,257763988
201612,63000000,百貨,150(含)-175萬,55315,211949394
201612,63000000,百貨,175(含)-200萬,30262,120069861
201612,63000000,百貨,200(含)萬以上,125465,728908320
201701,63000000,百貨,未達50萬,1247323,3501711137
201701,63000000,百貨,50(含)-75萬,637966,1872441161
201701,63000000,百貨,75(含)-100萬,228028,726004852
201701,63000000,百貨,100(含)-125萬,147753,528581773
201701,63000000,百貨,125(含)-150萬,60261,229811477
201701,63000000,百貨,150(含)-175萬,50304,196851472
201701,63000000,百貨,175(含)-200萬,26942,115474908
201701,63000000,百貨,200(含)萬以上,116688,674198628
201702,63000000,百貨,未達50萬,1052932,2771081569
201702,63000000,百貨,50(含)-75萬,530219,1439733602
201702,63000000,百貨,75(含)-100萬,189108,571198526
201702,63000000,百貨,100(含)-125萬,122493,412215943
201702,63000000,百貨,125(含)-150萬,48870,177206339
201702,63000000,百貨,150(含)-175萬,40741,155513027
201702,63000000,百貨,175(含)-200萬,21601,82597398
201702,63000000,百貨,200(含)萬以上,96541,542627769
201703,63000000,百貨,未達50萬,1103215,2906098938
201703,63000000,百貨,50(含)-75萬,543848,1451343887
201703,63000000,百貨,75(含)-100萬,194450,592516786
201703,63000000,百貨,100(含)-125萬,123876,412365874
201703,63000000,百貨,125(含)-150萬,50279,188156345
201703,63000000,百貨,150(含)-175萬,41822,156209408
201703,63000000,百貨,175(含)-200萬,22823,89891621
201703,63000000,百貨,200(含)萬以上,99821,586976552
201704,63000000,百貨,未達50萬,1133844,3273609247
201704,63000000,百貨,50(含)-75萬,577872,1764042002
201704,63000000,百貨,75(含)-100萬,209960,702141647
201704,63000000,百貨,100(含)-125萬,131727,491582772
201704,63000000,百貨,125(含)-150萬,53776,219268892
201704,63000000,百貨,150(含)-175萬,44569,187718895
201704,63000000,百貨,175(含)-200萬,24559,114553177
201704,63000000,百貨,200(含)萬以上,105101,691423492
201705,63000000,百貨,未達50萬,1157155,3158778158
201705,63000000,百貨,50(含)-75萬,580495,1637414791
201705,63000000,百貨,75(含)-100萬,209611,651662989
201705,63000000,百貨,100(含)-125萬,134441,471916082
201705,63000000,百貨,125(含)-150萬,54338,212594615
201705,63000000,百貨,150(含)-175萬,45618,170919739
201705,63000000,百貨,175(含)-200萬,24502,105766442
201705,63000000,百貨,200(含)萬以上,110315,678081553
201706,63000000,百貨,未達50萬,1135323,2789729737
201706,63000000,百貨,50(含)-75萬,578227,1472412353
201706,63000000,百貨,75(含)-100萬,202448,562727796
201706,63000000,百貨,100(含)-125萬,128996,407317111
201706,63000000,百貨,125(含)-150萬,51255,170650329
201706,63000000,百貨,150(含)-175萬,43473,156781483
201706,63000000,百貨,175(含)-200萬,23140,99865200
201706,63000000,百貨,200(含)萬以上,106073,634420434
201707,63000000,百貨,未達50萬,1193687,2899115917
201707,63000000,百貨,50(含)-75萬,624314,1576992058
201707,63000000,百貨,75(含)-100萬,217137,597811410
201707,63000000,百貨,100(含)-125萬,138008,437339483
201707,63000000,百貨,125(含)-150萬,54848,178765797
201707,63000000,百貨,150(含)-175萬,45966,161358990
201707,63000000,百貨,175(含)-200萬,24400,90692751
201707,63000000,百貨,200(含)萬以上,111699,603128655
201708,63000000,百貨,未達50萬,1144896,2814155393
201708,63000000,百貨,50(含)-75萬,593693,1532080840
201708,63000000,百貨,75(含)-100萬,206181,577840371
201708,63000000,百貨,100(含)-125萬,132339,411967072
201708,63000000,百貨,125(含)-150萬,52089,182516242
201708,63000000,百貨,150(含)-175萬,44272,155372249
201708,63000000,百貨,175(含)-200萬,23999,88866206
201708,63000000,百貨,200(含)萬以上,107941,566321399
201709,63000000,百貨,未達50萬,982452,2743388508
201709,63000000,百貨,50(含)-75萬,510168,1477973128
201709,63000000,百貨,75(含)-100萬,180193,558687516
201709,63000000,百貨,100(含)-125萬,116956,426170083
201709,63000000,百貨,125(含)-150萬,46858,189888854
201709,63000000,百貨,150(含)-175萬,39735,156571573
201709,63000000,百貨,175(含)-200萬,21551,109545960
201709,63000000,百貨,200(含)萬以上,96338,635813670
201710,63000000,百貨,未達50萬,1321917,4290218288
201710,63000000,百貨,50(含)-75萬,725839,2610012488
201710,63000000,百貨,75(含)-100萬,245869,947314529
201710,63000000,百貨,100(含)-125萬,156748,700740606
201710,63000000,百貨,125(含)-150萬,60989,288215666
201710,63000000,百貨,150(含)-175萬,51125,237868501
201710,63000000,百貨,175(含)-200萬,28381,144297163
201710,63000000,百貨,200(含)萬以上,124300,943904111
201711,63000000,百貨,未達50萬,1497041,5378039265
201711,63000000,百貨,50(含)-75萬,711306,2452015418
201711,63000000,百貨,75(含)-100萬,255701,984260009
201711,63000000,百貨,100(含)-125萬,158438,695752874
201711,63000000,百貨,125(含)-150萬,64362,313167230
201711,63000000,百貨,150(含)-175萬,56951,291197220
201711,63000000,百貨,175(含)-200萬,30868,169264435
201711,63000000,百貨,200(含)萬以上,129349,1018646889
201712,63000000,百貨,未達50萬,1399507,3931536689
201712,63000000,百貨,50(含)-75萬,727010,2081119539
201712,63000000,百貨,75(含)-100萬,251879,787120774
201712,63000000,百貨,100(含)-125萬,158765,550521061
201712,63000000,百貨,125(含)-150萬,63235,249467002
201712,63000000,百貨,150(含)-175萬,52947,214703792
201712,63000000,百貨,175(含)-200萬,29510,124591865
201712,63000000,百貨,200(含)萬以上,127824,777884677
201801,63000000,百貨,未達50萬,1076119,2885409227
201801,63000000,百貨,50(含)-75萬,568512,1547906523
201801,63000000,百貨,75(含)-100萬,195653,592120027
201801,63000000,百貨,100(含)-125萬,126692,441310580
201801,63000000,百貨,125(含)-150萬,48417,185971623
201801,63000000,百貨,150(含)-175萬,41207,161641003
201801,63000000,百貨,175(含)-200萬,22731,93368657
201801,63000000,百貨,200(含)萬以上,101060,586368793
201802,63000000,百貨,未達50萬,1196023,3357298755
201802,63000000,百貨,50(含)-75萬,631635,1832921952
201802,63000000,百貨,75(含)-100萬,218783,686576946
201802,63000000,百貨,100(含)-125萬,140108,503577786
201802,63000000,百貨,125(含)-150萬,55046,216100513
201802,63000000,百貨,150(含)-175萬,46117,185487490
201802,63000000,百貨,175(含)-200萬,25254,103622410
201802,63000000,百貨,200(含)萬以上,110348,646633520
201803,63000000,百貨,未達50萬,1125565,3041003431
201803,63000000,百貨,50(含)-75萬,567134,1569080488
201803,63000000,百貨,75(含)-100萬,197447,603736050
201803,63000000,百貨,100(含)-125萬,124842,436603028
201803,63000000,百貨,125(含)-150萬,49031,182892894
201803,63000000,百貨,150(含)-175萬,40823,163536071
201803,63000000,百貨,175(含)-200萬,23189,91097216
201803,63000000,百貨,200(含)萬以上,100628,608585587
201804,63000000,百貨,未達50萬,1215704,3416451708
201804,63000000,百貨,50(含)-75萬,604965,1806186242
201804,63000000,百貨,75(含)-100萬,214771,682809379
201804,63000000,百貨,100(含)-125萬,136985,494538350
201804,63000000,百貨,125(含)-150萬,55350,222666346
201804,63000000,百貨,150(含)-175萬,47471,188350849
201804,63000000,百貨,175(含)-200萬,26117,102150882
201804,63000000,百貨,200(含)萬以上,111992,688778189
201805,63000000,百貨,未達50萬,1377121,3700240459
201805,63000000,百貨,50(含)-75萬,656781,1884743192
201805,63000000,百貨,75(含)-100萬,236763,731461492
201805,63000000,百貨,100(含)-125萬,147647,516275949
201805,63000000,百貨,125(含)-150萬,63066,238670945
201805,63000000,百貨,150(含)-175萬,54825,204194740
201805,63000000,百貨,175(含)-200萬,29846,118439138
201805,63000000,百貨,200(含)萬以上,125358,756726354
201806,63000000,百貨,未達50萬,1279132,3239882632
201806,63000000,百貨,50(含)-75萬,619009,1679139373
201806,63000000,百貨,75(含)-100萬,226685,646745618
201806,63000000,百貨,100(含)-125萬,141235,467908422
201806,63000000,百貨,125(含)-150萬,61480,213766763
201806,63000000,百貨,150(含)-175萬,52695,182719449
201806,63000000,百貨,175(含)-200萬,28263,104426801
201806,63000000,百貨,200(含)萬以上,119795,635100638
201807,63000000,百貨,未達50萬,1340339,3238933445
201807,63000000,百貨,50(含)-75萬,635833,1638582534
201807,63000000,百貨,75(含)-100萬,233542,631786366
201807,63000000,百貨,100(含)-125萬,144414,439809937
201807,63000000,百貨,125(含)-150萬,62087,206553384
201807,63000000,百貨,150(含)-175萬,53652,182790790
201807,63000000,百貨,175(含)-200萬,29525,98450233
201807,63000000,百貨,200(含)萬以上,123528,608953421
201808,63000000,百貨,未達50萬,1382772,3300476605
201808,63000000,百貨,50(含)-75萬,659051,1735989916
201808,63000000,百貨,75(含)-100萬,239032,662153805
201808,63000000,百貨,100(含)-125萬,147221,456307261
201808,63000000,百貨,125(含)-150萬,62198,211012674
201808,63000000,百貨,150(含)-175萬,53677,177275262
201808,63000000,百貨,175(含)-200萬,29847,103351414
201808,63000000,百貨,200(含)萬以上,124467,626037266
201809,63000000,百貨,未達50萬,1316093,3501933970
201809,63000000,百貨,50(含)-75萬,614846,1762361180
201809,63000000,百貨,75(含)-100萬,227347,681736234
201809,63000000,百貨,100(含)-125萬,140903,473019639
201809,63000000,百貨,125(含)-150萬,61586,226741914
201809,63000000,百貨,150(含)-175萬,52818,198582666
201809,63000000,百貨,175(含)-200萬,29481,120031517
201809,63000000,百貨,200(含)萬以上,120845,661189707
201810,63000000,百貨,未達50萬,1351436,4084942232
201810,63000000,百貨,50(含)-75萬,697037,2474906231
201810,63000000,百貨,75(含)-100萬,240126,889866395
201810,63000000,百貨,100(含)-125萬,146050,638442788
201810,63000000,百貨,125(含)-150萬,62228,279826853
201810,63000000,百貨,150(含)-175萬,51186,239702279
201810,63000000,百貨,175(含)-200萬,28948,150078410
201810,63000000,百貨,200(含)萬以上,117898,815359226
201811,63000000,百貨,未達50萬,1807296,5949724740
201811,63000000,百貨,50(含)-75萬,801584,2700336802
201811,63000000,百貨,75(含)-100萬,293513,1113125477
201811,63000000,百貨,100(含)-125萬,175684,742416911
201811,63000000,百貨,125(含)-150萬,76313,348783269
201811,63000000,百貨,150(含)-175萬,67000,341302534
201811,63000000,百貨,175(含)-200萬,37818,198195828
201811,63000000,百貨,200(含)萬以上,148512,996375049
201812,63000000,百貨,未達50萬,1726876,4509245249
201812,63000000,百貨,50(含)-75萬,809224,2233486591
201812,63000000,百貨,75(含)-100萬,294874,890165782
201812,63000000,百貨,100(含)-125萬,178585,589893852
201812,63000000,百貨,125(含)-150萬,77345,280284599
201812,63000000,百貨,150(含)-175萬,66383,252349253
201812,63000000,百貨,175(含)-200萬,37083,139492420
201812,63000000,百貨,200(含)萬以上,153248,827799201
201901,63000000,百貨,未達50萬,1584903,4013430667
201901,63000000,百貨,50(含)-75萬,763493,2047636731
201901,63000000,百貨,75(含)-100萬,279838,802542043
201901,63000000,百貨,100(含)-125萬,169961,541556387
201901,63000000,百貨,125(含)-150萬,75936,265653549
201901,63000000,百貨,150(含)-175萬,62864,223617244
201901,63000000,百貨,175(含)-200萬,35023,132775490
201901,63000000,百貨,200(含)萬以上,149100,771531826
201902,63000000,百貨,未達50萬,1228203,3076811565
201902,63000000,百貨,50(含)-75萬,596107,1566315490
201902,63000000,百貨,75(含)-100萬,225305,647693591
201902,63000000,百貨,100(含)-125萬,135591,419831378
201902,63000000,百貨,125(含)-150萬,61830,200015558
201902,63000000,百貨,150(含)-175萬,51026,171136672
201902,63000000,百貨,175(含)-200萬,28833,97182823
201902,63000000,百貨,200(含)萬以上,121469,585601091
201903,63000000,百貨,未達50萬,1434463,3630065055
201903,63000000,百貨,50(含)-75萬,660633,1793638473
201903,63000000,百貨,75(含)-100萬,253286,727836802
201903,63000000,百貨,100(含)-125萬,152941,489235503
201903,63000000,百貨,125(含)-150萬,69832,248118669
201903,63000000,百貨,150(含)-175萬,59343,207322682
201903,63000000,百貨,175(含)-200萬,33371,122976397
201903,63000000,百貨,200(含)萬以上,143584,687354277
201904,63000000,百貨,未達50萬,1246395,3463816753
201904,63000000,百貨,50(含)-75萬,555942,1657477609
201904,63000000,百貨,75(含)-100萬,225838,701562130
201904,63000000,百貨,100(含)-125萬,135872,476818694
201904,63000000,百貨,125(含)-150萬,64610,250438064
201904,63000000,百貨,150(含)-175萬,56026,220104022
201904,63000000,百貨,175(含)-200萬,31399,119813462
201904,63000000,百貨,200(含)萬以上,136830,741990153
201905,63000000,百貨,未達50萬,1232206,3265010049
201905,63000000,百貨,50(含)-75萬,548930,1546359199
201905,63000000,百貨,75(含)-100萬,228270,710245612
201905,63000000,百貨,100(含)-125萬,136614,462005300
201905,63000000,百貨,125(含)-150萬,66105,237827062
201905,63000000,百貨,150(含)-175萬,56435,214272234
201905,63000000,百貨,175(含)-200萬,32696,119871301
201905,63000000,百貨,200(含)萬以上,140086,713280010
201906,63000000,百貨,未達50萬,1295922,3407117657
201906,63000000,百貨,50(含)-75萬,585332,1640650170
201906,63000000,百貨,75(含)-100萬,239744,704940311
201906,63000000,百貨,100(含)-125萬,142385,460946463
201906,63000000,百貨,125(含)-150萬,68764,226505099
201906,63000000,百貨,150(含)-175萬,57866,199901147
201906,63000000,百貨,175(含)-200萬,33452,111698099
201906,63000000,百貨,200(含)萬以上,141251,642658251
201907,63000000,百貨,未達50萬,1549384,3815403318
201907,63000000,百貨,50(含)-75萬,716144,1898009259
201907,63000000,百貨,75(含)-100萬,284565,804244769
201907,63000000,百貨,100(含)-125萬,167716,526080348
201907,63000000,百貨,125(含)-150萬,78547,251491660
201907,63000000,百貨,150(含)-175萬,66540,214754652
201907,63000000,百貨,175(含)-200萬,37303,122003948
201907,63000000,百貨,200(含)萬以上,161447,726904474
201908,63000000,百貨,未達50萬,1690345,4184841878
201908,63000000,百貨,50(含)-75萬,788723,2112937350
201908,63000000,百貨,75(含)-100萬,303834,875072661
201908,63000000,百貨,100(含)-125萬,183289,575131998
201908,63000000,百貨,125(含)-150萬,81553,258390462
201908,63000000,百貨,150(含)-175萬,67812,227875197
201908,63000000,百貨,175(含)-200萬,39135,150107827
201908,63000000,百貨,200(含)萬以上,171787,800907028
201909,63000000,百貨,未達50萬,1317877,3488436133
201909,63000000,百貨,50(含)-75萬,617242,1803596906
201909,63000000,百貨,75(含)-100萬,246197,804945560
201909,63000000,百貨,100(含)-125萬,145064,511744037
201909,63000000,百貨,125(含)-150萬,68349,281275401
201909,63000000,百貨,150(含)-175萬,56148,218637549
201909,63000000,百貨,175(含)-200萬,32272,140105063
201909,63000000,百貨,200(含)萬以上,139140,734501060
201910,63000000,百貨,未達50萬,1619016,4947804307
201910,63000000,百貨,50(含)-75萬,742851,2481939960
201910,63000000,百貨,75(含)-100萬,302660,1116778376
201910,63000000,百貨,100(含)-125萬,180728,724170611
201910,63000000,百貨,125(含)-150萬,84694,389297313
201910,63000000,百貨,150(含)-175萬,70072,328894442
201910,63000000,百貨,175(含)-200萬,40887,184881917
201910,63000000,百貨,200(含)萬以上,178852,1096776996
201911,63000000,百貨,未達50萬,2064036,6740381606
201911,63000000,百貨,50(含)-75萬,897764,3019131363
201911,63000000,百貨,75(含)-100萬,370252,1368804760
201911,63000000,百貨,100(含)-125萬,212401,865329631
201911,63000000,百貨,125(含)-150萬,101288,459912494
201911,63000000,百貨,150(含)-175萬,85655,394444704
201911,63000000,百貨,175(含)-200萬,48444,233706682
201911,63000000,百貨,200(含)萬以上,201393,1291734915
201912,63000000,百貨,未達50萬,1667171,4496678789
201912,63000000,百貨,50(含)-75萬,753652,2165675713
201912,63000000,百貨,75(含)-100萬,309639,946060298
201912,63000000,百貨,100(含)-125萬,178793,618347691
201912,63000000,百貨,125(含)-150萬,86833,332825800
201912,63000000,百貨,150(含)-175萬,71779,278391340
201912,63000000,百貨,175(含)-200萬,42022,168011794
201912,63000000,百貨,200(含)萬以上,175024,889254122
202001,63000000,百貨,未達50萬,1673590,4603094712
202001,63000000,百貨,50(含)-75萬,759429,2205542366
202001,63000000,百貨,75(含)-100萬,316204,988162587
202001,63000000,百貨,100(含)-125萬,184429,632461270
202001,63000000,百貨,125(含)-150萬,87230,337618311
202001,63000000,百貨,150(含)-175萬,73841,282214945
202001,63000000,百貨,175(含)-200萬,43555,167021747
202001,63000000,百貨,200(含)萬以上,179013,939439688
202002,63000000,百貨,未達50萬,1505000,3800363053
202002,63000000,百貨,50(含)-75萬,663279,1795125584
202002,63000000,百貨,75(含)-100萬,276239,814569942
202002,63000000,百貨,100(含)-125萬,158494,503709597
202002,63000000,百貨,125(含)-150萬,76115,261127501
202002,63000000,百貨,150(含)-175萬,63243,221506995
202002,63000000,百貨,175(含)-200萬,37184,125462081
202002,63000000,百貨,200(含)萬以上,154172,720406090
202003,63000000,百貨,未達50萬,1635297,4166287151
202003,63000000,百貨,50(含)-75萬,733305,2092697900
202003,63000000,百貨,75(含)-100萬,295069,879462647
202003,63000000,百貨,100(含)-125萬,170944,557532083
202003,63000000,百貨,125(含)-150萬,80874,292435089
202003,63000000,百貨,150(含)-175萬,68153,238877811
202003,63000000,百貨,175(含)-200萬,39417,135531702
202003,63000000,百貨,200(含)萬以上,166768,777456933
202004,63000000,百貨,未達50萬,1651714,4484145715
202004,63000000,百貨,50(含)-75萬,787084,2423431145
202004,63000000,百貨,75(含)-100萬,293917,962491164
202004,63000000,百貨,100(含)-125萬,173835,614034705
202004,63000000,百貨,125(含)-150萬,78218,302649629
202004,63000000,百貨,150(含)-175萬,67740,266196698
202004,63000000,百貨,175(含)-200萬,38081,163571784
202004,63000000,百貨,200(含)萬以上,163541,821849118
202005,63000000,百貨,未達50萬,1884579,4920014366
202005,63000000,百貨,50(含)-75萬,912297,2553240294
202005,63000000,百貨,75(含)-100萬,347140,1085338566
202005,63000000,百貨,100(含)-125萬,201478,654599282
202005,63000000,百貨,125(含)-150萬,92796,334732696
202005,63000000,百貨,150(含)-175萬,78180,286823307
202005,63000000,百貨,175(含)-200萬,44341,161228891
202005,63000000,百貨,200(含)萬以上,189187,981253574
202006,63000000,百貨,未達50萬,1877147,4574298039
202006,63000000,百貨,50(含)-75萬,905156,2449625726
202006,63000000,百貨,75(含)-100萬,345888,1038378933
202006,63000000,百貨,100(含)-125萬,200014,625350779
202006,63000000,百貨,125(含)-150萬,92931,327038345
202006,63000000,百貨,150(含)-175萬,77713,314789837
202006,63000000,百貨,175(含)-200萬,44228,156340358
202006,63000000,百貨,200(含)萬以上,190689,1023046025
202007,63000000,百貨,未達50萬,1991656,4872489909
202007,63000000,百貨,50(含)-75萬,953514,2637190257
202007,63000000,百貨,75(含)-100萬,368762,1139887705
202007,63000000,百貨,100(含)-125萬,214996,689159509
202007,63000000,百貨,125(含)-150萬,97869,360939880
202007,63000000,百貨,150(含)-175萬,81346,306432916
202007,63000000,百貨,175(含)-200萬,47718,171747909
202007,63000000,百貨,200(含)萬以上,206382,1122328515
202008,63000000,百貨,未達50萬,2093805,5117155054
202008,63000000,百貨,50(含)-75萬,993730,2665797667
202008,63000000,百貨,75(含)-100萬,384089,1146207626
202008,63000000,百貨,100(含)-125萬,224200,709592922
202008,63000000,百貨,125(含)-150萬,101836,353863178
202008,63000000,百貨,150(含)-175萬,84831,310437788
202008,63000000,百貨,175(含)-200萬,49711,175277026
202008,63000000,百貨,200(含)萬以上,211040,1086502647
202009,63000000,百貨,未達50萬,1875406,4949905266
202009,63000000,百貨,50(含)-75萬,875738,2640789983
202009,63000000,百貨,75(含)-100萬,335853,1107112299
202009,63000000,百貨,100(含)-125萬,200718,730066837
202009,63000000,百貨,125(含)-150萬,92110,371717671
202009,63000000,百貨,150(含)-175萬,76752,345982851
202009,63000000,百貨,175(含)-200萬,45632,258307861
202009,63000000,百貨,200(含)萬以上,192025,1168376307
202010,63000000,百貨,未達50萬,2106173,6334976928
202010,63000000,百貨,50(含)-75萬,1038479,3914027051
202010,63000000,百貨,75(含)-100萬,399008,1465106309
202010,63000000,百貨,100(含)-125萬,234965,1022134753
202010,63000000,百貨,125(含)-150萬,106659,477104818
202010,63000000,百貨,150(含)-175萬,86918,405894346
202010,63000000,百貨,175(含)-200萬,52596,255396486
202010,63000000,百貨,200(含)萬以上,217683,1490925160
202011,63000000,百貨,未達50萬,2573169,8465185668
202011,63000000,百貨,50(含)-75萬,1182301,4225640290
202011,63000000,百貨,75(含)-100萬,456525,1758835985
202011,63000000,百貨,100(含)-125萬,264015,1116115506
202011,63000000,百貨,125(含)-150萬,123182,593062448
202011,63000000,百貨,150(含)-175萬,103304,509860335
202011,63000000,百貨,175(含)-200萬,60125,291467465
202011,63000000,百貨,200(含)萬以上,246078,1665537860
202012,63000000,百貨,未達50萬,2878250,6181206413
202012,63000000,百貨,50(含)-75萬,1357359,3124035755
202012,63000000,百貨,75(含)-100萬,579655,1341007837
202012,63000000,百貨,100(含)-125萬,306804,841675640
202012,63000000,百貨,125(含)-150萬,142902,455747547
202012,63000000,百貨,150(含)-175萬,107775,366509237
202012,63000000,百貨,175(含)-200萬,71883,225417910
202012,63000000,百貨,200(含)萬以上,247763,1215684146
202101,63000000,百貨,未達50萬,3419726,6613043578
202101,63000000,百貨,50(含)-75萬,1670843,3650433621
202101,63000000,百貨,75(含)-100萬,734551,1529377361
202101,63000000,百貨,100(含)-125萬,371918,965601104
202101,63000000,百貨,125(含)-150萬,171163,486096476
202101,63000000,百貨,150(含)-175萬,123458,406893762
202101,63000000,百貨,175(含)-200萬,85044,247672826
202101,63000000,百貨,200(含)萬以上,268811,1346850490
202102,63000000,百貨,未達50萬,8280539,9865199181
202102,63000000,百貨,50(含)-75萬,4213583,5317236791
202102,63000000,百貨,75(含)-100萬,1664299,2186311685
202102,63000000,百貨,100(含)-125萬,875369,1319565269
202102,63000000,百貨,125(含)-150萬,390268,650456680
202102,63000000,百貨,150(含)-175萬,296097,552840384
202102,63000000,百貨,175(含)-200萬,177888,333637255
202102,63000000,百貨,200(含)萬以上,602625,1584549575
202103,63000000,百貨,未達50萬,9524844,9866796162
202103,63000000,百貨,50(含)-75萬,4838841,5331993282
202103,63000000,百貨,75(含)-100萬,1867035,2099117438
202103,63000000,百貨,100(含)-125萬,970755,1279725907
202103,63000000,百貨,125(含)-150萬,431179,632693031
202103,63000000,百貨,150(含)-175萬,325687,501133913
202103,63000000,百貨,175(含)-200萬,192915,304916001
202103,63000000,百貨,200(含)萬以上,648623,1459130712
202104,63000000,百貨,未達50萬,9729063,10982005340
202104,63000000,百貨,50(含)-75萬,4962166,5864172727
202104,63000000,百貨,75(含)-100萬,1923740,2381392157
202104,63000000,百貨,100(含)-125萬,1011282,1494879510
202104,63000000,百貨,125(含)-150萬,446703,770960165
202104,63000000,百貨,150(含)-175萬,339375,605091511
202104,63000000,百貨,175(含)-200萬,202070,395944924
202104,63000000,百貨,200(含)萬以上,687062,2136082158
202105,63000000,百貨,未達50萬,11271429,12998153942
202105,63000000,百貨,50(含)-75萬,5664826,6783719409
202105,63000000,百貨,75(含)-100萬,2233068,2804905095
202105,63000000,百貨,100(含)-125萬,1179562,1692806494
202105,63000000,百貨,125(含)-150萬,528625,878756614
202105,63000000,百貨,150(含)-175萬,399397,696381701
202105,63000000,百貨,175(含)-200萬,241618,415907230
202105,63000000,百貨,200(含)萬以上,827635,1914435671
202106,63000000,百貨,未達50萬,9652067,11512314427
202106,63000000,百貨,50(含)-75萬,4755810,5957799191
202106,63000000,百貨,75(含)-100萬,1875383,2486600396
202106,63000000,百貨,100(含)-125萬,990332,1472072467
202106,63000000,百貨,125(含)-150萬,440530,701440710
202106,63000000,百貨,150(含)-175萬,331521,579222648
202106,63000000,百貨,175(含)-200萬,198657,343016881
202106,63000000,百貨,200(含)萬以上,685549,1547131884
202107,63000000,百貨,未達50萬,10373194,11725874136
202107,63000000,百貨,50(含)-75萬,5048323,5971748766
202107,63000000,百貨,75(含)-100萬,1981480,2490158605
202107,63000000,百貨,100(含)-125萬,1047557,1467052000
202107,63000000,百貨,125(含)-150萬,462308,744369295
202107,63000000,百貨,150(含)-175萬,350344,610891631
202107,63000000,百貨,175(含)-200萬,208443,355777912
202107,63000000,百貨,200(含)萬以上,717672,1627578820
202108,63000000,百貨,未達50萬,11428556,12857995716
202108,63000000,百貨,50(含)-75萬,5576706,6563636211
202108,63000000,百貨,75(含)-100萬,2185081,2709732790
202108,63000000,百貨,100(含)-125萬,1158291,1660852360
202108,63000000,百貨,125(含)-150萬,513900,860590531
202108,63000000,百貨,150(含)-175萬,387092,656936888
202108,63000000,百貨,175(含)-200萬,231601,399902040
202108,63000000,百貨,200(含)萬以上,795759,1852463373
202109,63000000,百貨,未達50萬,10931843,12340082618
202109,63000000,百貨,50(含)-75萬,5317982,6379308942
202109,63000000,百貨,75(含)-100萬,2088619,2698708843
202109,63000000,百貨,100(含)-125萬,1112633,1639859026
202109,63000000,百貨,125(含)-150萬,495340,870934140
202109,63000000,百貨,150(含)-175萬,376057,688494030
202109,63000000,百貨,175(含)-200萬,224080,422712865
202109,63000000,百貨,200(含)萬以上,773697,2077649909
202110,63000000,百貨,未達50萬,11641268,14541850924
202110,63000000,百貨,50(含)-75萬,5687930,8005276692
202110,63000000,百貨,75(含)-100萬,2235126,3256760492
202110,63000000,百貨,100(含)-125萬,1204782,2066039584
202110,63000000,百貨,125(含)-150萬,534931,1055627537
202110,63000000,百貨,150(含)-175萬,408141,840298945
202110,63000000,百貨,175(含)-200萬,243862,537148483
202110,63000000,百貨,200(含)萬以上,851086,2608282645
202111,63000000,百貨,未達50萬,12548000,17891893607
202111,63000000,百貨,50(含)-75萬,6061057,9178795972
202111,63000000,百貨,75(含)-100萬,2368856,3870282895
202111,63000000,百貨,100(含)-125萬,1275508,2375923037
202111,63000000,百貨,125(含)-150萬,558989,1222123310
202111,63000000,百貨,150(含)-175萬,430704,1043511704
202111,63000000,百貨,175(含)-200萬,255030,595970788
202111,63000000,百貨,200(含)萬以上,906037,2905538143
202112,63000000,百貨,未達50萬,12139350,14597962584
202112,63000000,百貨,50(含)-75萬,5840846,7449910354
202112,63000000,百貨,75(含)-100萬,2285216,3128372320
202112,63000000,百貨,100(含)-125萬,1246455,1979434347
202112,63000000,百貨,125(含)-150萬,541386,1001349375
202112,63000000,百貨,150(含)-175萬,414575,805353702
202112,63000000,百貨,175(含)-200萬,246843,498881265
202112,63000000,百貨,200(含)萬以上,869641,2404534791
202201,63000000,百貨,未達50萬,12055623,15169127093
202201,63000000,百貨,50(含)-75萬,5798756,7834217444
202201,63000000,百貨,75(含)-100萬,2286680,3308294653
202201,63000000,百貨,100(含)-125萬,1252642,2072560185
202201,63000000,百貨,125(含)-150萬,543102,1050092340
202201,63000000,百貨,150(含)-175萬,415286,848996450
202201,63000000,百貨,175(含)-200萬,247556,525868656
202201,63000000,百貨,200(含)萬以上,875840,2460126388
202202,63000000,百貨,未達50萬,10698061,12622307034
202202,63000000,百貨,50(含)-75萬,5120458,6473447322
202202,63000000,百貨,75(含)-100萬,2015883,2778205437
202202,63000000,百貨,100(含)-125萬,1110772,1697228779
202202,63000000,百貨,125(含)-150萬,477373,883904896
202202,63000000,百貨,150(含)-175萬,364876,688583590
202202,63000000,百貨,175(含)-200萬,216006,417720679
202202,63000000,百貨,200(含)萬以上,768678,2071995785
202203,63000000,百貨,未達50萬,12347463,13828693913
202203,63000000,百貨,50(含)-75萬,5836327,6861567766
202203,63000000,百貨,75(含)-100萬,2272132,2879042728
202203,63000000,百貨,100(含)-125萬,1252411,1829929921
202203,63000000,百貨,125(含)-150萬,533511,894363291
202203,63000000,百貨,150(含)-175萬,411880,726377612
202203,63000000,百貨,175(含)-200萬,241421,445311801
202203,63000000,百貨,200(含)萬以上,861807,2160784042
202204,63000000,百貨,未達50萬,12189452,14228314951
202204,63000000,百貨,50(含)-75萬,5798390,7224394218
202204,63000000,百貨,75(含)-100萬,2281597,3074633524
202204,63000000,百貨,100(含)-125萬,1260285,1954647082
202204,63000000,百貨,125(含)-150萬,541752,986217237
202204,63000000,百貨,150(含)-175萬,415577,789958620
202204,63000000,百貨,175(含)-200萬,245237,484319780
202204,63000000,百貨,200(含)萬以上,872394,2265192401
202205,63000000,百貨,未達50萬,13054475,14130730379
202205,63000000,百貨,50(含)-75萬,6130277,7007486355
202205,63000000,百貨,75(含)-100萬,2418494,2976053318
202205,63000000,百貨,100(含)-125萬,1322258,1874350238
202205,63000000,百貨,125(含)-150萬,575900,928921928
202205,63000000,百貨,150(含)-175萬,438513,732148574
202205,63000000,百貨,175(含)-200萬,259831,454058008
202205,63000000,百貨,200(含)萬以上,919235,2111283627
202206,63000000,百貨,未達50萬,13620679,14164091197
202206,63000000,百貨,50(含)-75萬,6494836,7174228041
202206,63000000,百貨,75(含)-100萬,2536443,3048044692
202206,63000000,百貨,100(含)-125萬,1389314,1895356968
202206,63000000,百貨,125(含)-150萬,599840,932200594
202206,63000000,百貨,150(含)-175萬,453384,763555879
202206,63000000,百貨,175(含)-200萬,268105,456619539
202206,63000000,百貨,200(含)萬以上,948139,2221345493
202207,63000000,百貨,未達50萬,14187635,14249747895
202207,63000000,百貨,50(含)-75萬,6775992,7155224935
202207,63000000,百貨,75(含)-100萬,2675190,3062827954
202207,63000000,百貨,100(含)-125萬,1462030,1953250877
202207,63000000,百貨,125(含)-150萬,635865,973589308
202207,63000000,百貨,150(含)-175萬,479383,769263375
202207,63000000,百貨,175(含)-200萬,283123,471903691
202207,63000000,百貨,200(含)萬以上,998341,2167679182
202208,63000000,百貨,未達50萬,14841751,14827607390
202208,63000000,百貨,50(含)-75萬,7138529,7497299875
202208,63000000,百貨,75(含)-100萬,2773387,3133158720
202208,63000000,百貨,100(含)-125萬,1512965,2011997143
202208,63000000,百貨,125(含)-150萬,655457,1046169051
202208,63000000,百貨,150(含)-175萬,490407,781162629
202208,63000000,百貨,175(含)-200萬,290138,463636629
202208,63000000,百貨,200(含)萬以上,1012600,2182701953
202209,63000000,百貨,未達50萬,13878033,14786774561
202209,63000000,百貨,50(含)-75萬,6547667,7481951000
202209,63000000,百貨,75(含)-100萬,2557677,3208653340
202209,63000000,百貨,100(含)-125萬,1405400,2034829486
202209,63000000,百貨,125(含)-150萬,613735,1047152936
202209,63000000,百貨,150(含)-175萬,459779,813437579
202209,63000000,百貨,175(含)-200萬,270748,504604115
202209,63000000,百貨,200(含)萬以上,950164,2463627816
202210,63000000,百貨,未達50萬,14797296,16353289962
202210,63000000,百貨,50(含)-75萬,6999048,8591450278
202210,63000000,百貨,75(含)-100萬,2728175,3670886747
202210,63000000,百貨,100(含)-125萬,1498069,2339198685
202210,63000000,百貨,125(含)-150萬,656230,1161328262
202210,63000000,百貨,150(含)-175萬,493375,936172723
202210,63000000,百貨,175(含)-200萬,288273,563153844
202210,63000000,百貨,200(含)萬以上,1012483,2681482652
202211,63000000,百貨,未達50萬,15614278,20380298012
202211,63000000,百貨,50(含)-75萬,7326993,9897530161
202211,63000000,百貨,75(含)-100萬,2867590,4365489009
202211,63000000,百貨,100(含)-125萬,1582496,2766651665
202211,63000000,百貨,125(含)-150萬,693297,1455856554
202211,63000000,百貨,150(含)-175萬,517056,1139830533
202211,63000000,百貨,175(含)-200萬,297370,646573411
202211,63000000,百貨,200(含)萬以上,1073450,3065522163
202212,63000000,百貨,未達50萬,16124566,17488506067
202212,63000000,百貨,50(含)-75萬,7564254,8589945074
202212,63000000,百貨,75(含)-100萬,2946535,3709613396
202212,63000000,百貨,100(含)-125萬,1622739,2330188088
202212,63000000,百貨,125(含)-150萬,709539,1244244087
202212,63000000,百貨,150(含)-175萬,530586,969985274
202212,63000000,百貨,175(含)-200萬,308854,574894330
202212,63000000,百貨,200(含)萬以上,1098515,2684428111
202301,63000000,百貨,未達50萬,14925394,16424110650
202301,63000000,百貨,50(含)-75萬,7071326,8273967789
202301,63000000,百貨,75(含)-100萬,2802951,3581925321
202301,63000000,百貨,100(含)-125萬,1546853,2232121026
202301,63000000,百貨,125(含)-150萬,685528,1139210085
202301,63000000,百貨,150(含)-175萬,510180,917417004
202301,63000000,百貨,175(含)-200萬,295121,547369311
202301,63000000,百貨,200(含)萬以上,1052270,2581361850
202302,63000000,百貨,未達50萬,13917642,13913311583
202302,63000000,百貨,50(含)-75萬,6524714,6814906279
202302,63000000,百貨,75(含)-100萬,2542436,2926923652
202302,63000000,百貨,100(含)-125萬,1398973,1823042348
202302,63000000,百貨,125(含)-150萬,610326,946549606
202302,63000000,百貨,150(含)-175萬,453136,733840944
202302,63000000,百貨,175(含)-200萬,262650,433996524
202302,63000000,百貨,200(含)萬以上,930712,2119096121
202303,63000000,百貨,未達50萬,15475327,14772013897
202303,63000000,百貨,50(含)-75萬,7150088,7178145475
202303,63000000,百貨,75(含)-100萬,2807771,3056449687
202303,63000000,百貨,100(含)-125萬,1539987,1950257683
202303,63000000,百貨,125(含)-150萬,680714,1000121724
202303,63000000,百貨,150(含)-175萬,506967,781586281
202303,63000000,百貨,175(含)-200萬,293421,473927215
202303,63000000,百貨,200(含)萬以上,1047119,2263248424
202304,63000000,百貨,未達50萬,15628013,15336539383
202304,63000000,百貨,50(含)-75萬,7296758,7697508834
202304,63000000,百貨,75(含)-100萬,2865301,3341357718
202304,63000000,百貨,100(含)-125萬,1576062,2129166270
202304,63000000,百貨,125(含)-150萬,695496,1059029618
202304,63000000,百貨,150(含)-175萬,516838,868417821
202304,63000000,百貨,175(含)-200萬,301144,513604023
202304,63000000,百貨,200(含)萬以上,1072222,2583692072
202305,63000000,百貨,未達50萬,16765730,15895061123
202305,63000000,百貨,50(含)-75萬,7879104,8035476250
202305,63000000,百貨,75(含)-100萬,3060576,3514991207
202305,63000000,百貨,100(含)-125萬,1686680,2331216336
202305,63000000,百貨,125(含)-150萬,743217,1131381212
202305,63000000,百貨,150(含)-175萬,552812,912652695
202305,63000000,百貨,175(含)-200萬,318516,542462848
202305,63000000,百貨,200(含)萬以上,1153084,2666152956
202306,63000000,百貨,未達50萬,16534638,15189272900
202306,63000000,百貨,50(含)-75萬,7782931,7630494236
202306,63000000,百貨,75(含)-100萬,3047010,3257288020
202306,63000000,百貨,100(含)-125萬,1675858,2028333065
202306,63000000,百貨,125(含)-150萬,743013,1012454486
202306,63000000,百貨,150(含)-175萬,548893,842443985
202306,63000000,百貨,175(含)-200萬,317405,494100460
202306,63000000,百貨,200(含)萬以上,1160123,2493691082
202307,63000000,百貨,未達50萬,17514028,15255287275
202307,63000000,百貨,50(含)-75萬,8285354,7597202083
202307,63000000,百貨,75(含)-100萬,3251023,3276146190
202307,63000000,百貨,100(含)-125萬,1774716,2095892918
202307,63000000,百貨,125(含)-150萬,787031,1062295491
202307,63000000,百貨,150(含)-175萬,578985,850380128
202307,63000000,百貨,175(含)-200萬,335404,511909942
202307,63000000,百貨,200(含)萬以上,1218857,2533066063
202308,63000000,百貨,未達50萬,18113447,16214165502
202308,63000000,百貨,50(含)-75萬,8649089,8077677957
202308,63000000,百貨,75(含)-100萬,3341713,3461378225
202308,63000000,百貨,100(含)-125萬,1826285,2162783517
202308,63000000,百貨,125(含)-150萬,801375,1068191227
202308,63000000,百貨,150(含)-175萬,579962,831741321
202308,63000000,百貨,175(含)-200萬,338107,511775113
202308,63000000,百貨,200(含)萬以上,1292447,2737021046
